metro,zip,npi_providers,npi_locations
Brooklyn / Staten Island,10301,2,2
Brooklyn / Staten Island,10304,6,5
Brooklyn / Staten Island,10305,4,4
Brooklyn / Staten Island,10306,2,2
Brooklyn / Staten Island,10309,5,4
Brooklyn / Staten Island,10310,1,1
Brooklyn / Staten Island,10312,3,3
Brooklyn / Staten Island,10314,13,10
Long Island / Queens,11003,2,1
Long Island / Queens,11010,2,1
Long Island / Queens,11021,42,21
Long Island / Queens,11023,1,1
Long Island / Queens,11024,1,1
Long Island / Queens,11030,15,11
Long Island / Queens,11040,7,5
Long Island / Queens,11042,36,13
Long Island / Queens,11050,2,2
Long Island / Queens,11096,3,1
Long Island / Queens,11101,4,2
Long Island / Queens,11102,5,5
Long Island / Queens,11103,6,5
Long Island / Queens,11105,4,2
Brooklyn / Staten Island,11201,22,15
Brooklyn / Staten Island,11203,17,6
Brooklyn / Staten Island,11204,5,5
Brooklyn / Staten Island,11205,2,2
Brooklyn / Staten Island,11206,4,2
Brooklyn / Staten Island,11209,23,12
Brooklyn / Staten Island,11210,1,1
Brooklyn / Staten Island,11211,4,2
Brooklyn / Staten Island,11212,1,1
Brooklyn / Staten Island,11213,1,1
Brooklyn / Staten Island,11214,5,5
Brooklyn / Staten Island,11215,16,11
Brooklyn / Staten Island,11217,7,6
Brooklyn / Staten Island,11219,13,11
Brooklyn / Staten Island,11220,8,6
Brooklyn / Staten Island,11222,1,1
Brooklyn / Staten Island,11223,2,2
Brooklyn / Staten Island,11228,4,4
Brooklyn / Staten Island,11229,12,9
Brooklyn / Staten Island,11230,13,8
Brooklyn / Staten Island,11231,2,2
Brooklyn / Staten Island,11232,2,1
Brooklyn / Staten Island,11233,1,1
Brooklyn / Staten Island,11234,3,2
Brooklyn / Staten Island,11235,24,18
Brooklyn / Staten Island,11236,2,1
Brooklyn / Staten Island,11237,5,3
Brooklyn / Staten Island,11238,2,2
Brooklyn / Staten Island,11242,2,1
Brooklyn / Staten Island,11243,1,1
Long Island / Queens,11354,22,15
Long Island / Queens,11355,10,9
Long Island / Queens,11356,1,1
Long Island / Queens,11357,1,1
Long Island / Queens,11358,6,4
Long Island / Queens,11360,2,2
Long Island / Queens,11361,3,2
Long Island / Queens,11364,4,2
Long Island / Queens,11365,12,3
Long Island / Queens,11366,1,1
Long Island / Queens,11367,2,2
Long Island / Queens,11368,2,2
Long Island / Queens,11372,4,4
Long Island / Queens,11373,11,6
Long Island / Queens,11374,4,4
Long Island / Queens,11375,22,16
Long Island / Queens,11377,1,1
Long Island / Queens,11379,3,3
Long Island / Queens,11385,4,3
Long Island / Queens,11415,3,1
Long Island / Queens,11417,1,1
Long Island / Queens,11418,2,2
Long Island / Queens,11423,2,1
Long Island / Queens,11432,6,6
Long Island / Queens,11433,1,1
Long Island / Queens,11501,10,8
Long Island / Queens,11507,2,2
Long Island / Queens,11510,1,1
Long Island / Queens,11516,1,1
Long Island / Queens,11520,1,1
Long Island / Queens,11530,35,15
Long Island / Queens,11542,4,4
Long Island / Queens,11548,7,3
Long Island / Queens,11554,4,2
Long Island / Queens,11557,8,4
Long Island / Queens,11559,6,3
Long Island / Queens,11561,7,2
Long Island / Queens,11563,2,2
Long Island / Queens,11566,4,3
Long Island / Queens,11570,17,13
Long Island / Queens,11572,11,3
Long Island / Queens,11576,7,3
Long Island / Queens,11577,9,6
Long Island / Queens,11581,4,4
Long Island / Queens,11590,2,1
Long Island / Queens,11596,1,1
Long Island / Queens,11598,14,4
Long Island / Queens,11691,5,1
Long Island / Queens,11697,1,1
Long Island / Queens,11701,3,2
Long Island / Queens,11702,1,1
Long Island / Queens,11703,1,1
Long Island / Queens,11704,1,1
Long Island / Queens,11706,12,5
Long Island / Queens,11710,3,2
Long Island / Queens,11714,5,2
Long Island / Queens,11721,2,1
Long Island / Queens,11725,10,9
Long Island / Queens,11729,3,3
Long Island / Queens,11733,16,10
Long Island / Queens,11735,1,1
Long Island / Queens,11740,1,1
Long Island / Queens,11743,28,20
Long Island / Queens,11746,11,6
Long Island / Queens,11747,9,5
Long Island / Queens,11749,3,2
Long Island / Queens,11753,6,3
Long Island / Queens,11756,1,1
Long Island / Queens,11757,2,2
Long Island / Queens,11758,8,6
Long Island / Queens,11763,1,1
Long Island / Queens,11764,1,1
Long Island / Queens,11767,1,1
Long Island / Queens,11768,1,1
Long Island / Queens,11772,3,2
Long Island / Queens,11776,10,7
Long Island / Queens,11777,3,2
Long Island / Queens,11779,3,3
Long Island / Queens,11780,1,1
Long Island / Queens,11782,1,1
Long Island / Queens,11784,2,2
Long Island / Queens,11787,23,11
Long Island / Queens,11788,7,4
Long Island / Queens,11790,11,7
Long Island / Queens,11791,4,4
Long Island / Queens,11793,1,1
Long Island / Queens,11794,6,5
Long Island / Queens,11795,5,5
Long Island / Queens,11797,15,10
Long Island / Queens,11801,10,4
Long Island / Queens,11803,9,5
Long Island / Queens,11901,4,2
Long Island / Queens,11933,1,1
Long Island / Queens,11946,1,1
Long Island / Queens,11952,1,1
Long Island / Queens,11959,2,2
Long Island / Queens,11963,3,2
Long Island / Queens,11968,10,8
Buffalo / Rochester / Albany,12009,7,2
Buffalo / Rochester / Albany,12033,6,2
Buffalo / Rochester / Albany,12037,1,1
Buffalo / Rochester / Albany,12054,1,1
Buffalo / Rochester / Albany,12065,4,4
Buffalo / Rochester / Albany,12077,1,1
Buffalo / Rochester / Albany,12110,14,10
Buffalo / Rochester / Albany,12180,10,6
Buffalo / Rochester / Albany,12184,1,1
Buffalo / Rochester / Albany,12203,8,4
Buffalo / Rochester / Albany,12205,10,5
Buffalo / Rochester / Albany,12207,2,2
Buffalo / Rochester / Albany,12208,10,7
Buffalo / Rochester / Albany,12302,1,1
Buffalo / Rochester / Albany,12304,3,2
Buffalo / Rochester / Albany,12305,3,3
Buffalo / Rochester / Albany,12308,4,2
Buffalo / Rochester / Albany,12401,5,4
Buffalo / Rochester / Albany,12449,2,2
Buffalo / Rochester / Albany,14020,3,3
Buffalo / Rochester / Albany,14031,1,1
Buffalo / Rochester / Albany,14043,4,3
Buffalo / Rochester / Albany,14048,1,1
Buffalo / Rochester / Albany,14051,3,3
Buffalo / Rochester / Albany,14052,1,1
Buffalo / Rochester / Albany,14075,4,3
Buffalo / Rochester / Albany,14086,1,1
Buffalo / Rochester / Albany,14092,2,1
Buffalo / Rochester / Albany,14094,2,2
Buffalo / Rochester / Albany,14120,2,1
Buffalo / Rochester / Albany,14127,8,5
Buffalo / Rochester / Albany,14150,2,1
Buffalo / Rochester / Albany,14203,3,3
Buffalo / Rochester / Albany,14209,2,2
Buffalo / Rochester / Albany,14214,3,3
Buffalo / Rochester / Albany,14215,3,2
Buffalo / Rochester / Albany,14217,1,1
Buffalo / Rochester / Albany,14220,3,2
Buffalo / Rochester / Albany,14221,35,24
Buffalo / Rochester / Albany,14222,1,1
Buffalo / Rochester / Albany,14223,2,2
Buffalo / Rochester / Albany,14224,5,3
Buffalo / Rochester / Albany,14225,1,1
Buffalo / Rochester / Albany,14226,10,6
Buffalo / Rochester / Albany,14263,18,4
Buffalo / Rochester / Albany,14304,2,2
Buffalo / Rochester / Albany,14420,1,1
Buffalo / Rochester / Albany,14424,2,2
Buffalo / Rochester / Albany,14450,6,2
Buffalo / Rochester / Albany,14456,4,3
Buffalo / Rochester / Albany,14513,2,2
Buffalo / Rochester / Albany,14534,11,7
Buffalo / Rochester / Albany,14551,2,1
Buffalo / Rochester / Albany,14564,8,4
Buffalo / Rochester / Albany,14606,3,2
Buffalo / Rochester / Albany,14607,11,3
Buffalo / Rochester / Albany,14609,3,2
Buffalo / Rochester / Albany,14616,1,1
Buffalo / Rochester / Albany,14618,14,11
Buffalo / Rochester / Albany,14620,8,3
Buffalo / Rochester / Albany,14621,4,4
Buffalo / Rochester / Albany,14622,1,1
Buffalo / Rochester / Albany,14623,14,5
Buffalo / Rochester / Albany,14624,2,1
Buffalo / Rochester / Albany,14625,19,7
Buffalo / Rochester / Albany,14626,11,6
Buffalo / Rochester / Albany,14642,27,2
Buffalo / Rochester / Albany,14701,2,2
Buffalo / Rochester / Albany,14715,1,1
Buffalo / Rochester / Albany,14760,3,3
Philadelphia / Pittsburgh,15003,2,1
Philadelphia / Pittsburgh,15009,2,2
Philadelphia / Pittsburgh,15017,4,2
Philadelphia / Pittsburgh,15025,1,1
Philadelphia / Pittsburgh,15063,2,2
Philadelphia / Pittsburgh,15065,4,1
Philadelphia / Pittsburgh,15085,2,1
Philadelphia / Pittsburgh,15090,15,10
Philadelphia / Pittsburgh,15101,2,2
Philadelphia / Pittsburgh,15102,3,2
Philadelphia / Pittsburgh,15108,13,5
Philadelphia / Pittsburgh,15131,2,1
Philadelphia / Pittsburgh,15132,1,1
Philadelphia / Pittsburgh,15143,7,5
Philadelphia / Pittsburgh,15146,17,10
Philadelphia / Pittsburgh,15205,1,1
Philadelphia / Pittsburgh,15206,9,6
Philadelphia / Pittsburgh,15212,21,7
Philadelphia / Pittsburgh,15213,33,17
Philadelphia / Pittsburgh,15215,9,4
Philadelphia / Pittsburgh,15217,1,1
Philadelphia / Pittsburgh,15219,2,2
Philadelphia / Pittsburgh,15220,4,3
Philadelphia / Pittsburgh,15221,3,3
Philadelphia / Pittsburgh,15222,1,1
Philadelphia / Pittsburgh,15223,1,1
Philadelphia / Pittsburgh,15224,11,6
Philadelphia / Pittsburgh,15228,7,3
Philadelphia / Pittsburgh,15232,13,8
Philadelphia / Pittsburgh,15235,3,3
Philadelphia / Pittsburgh,15237,8,6
Philadelphia / Pittsburgh,15238,12,10
Philadelphia / Pittsburgh,15239,1,1
Philadelphia / Pittsburgh,15240,2,2
Philadelphia / Pittsburgh,15241,7,5
Philadelphia / Pittsburgh,15243,14,6
Philadelphia / Pittsburgh,15261,1,1
Philadelphia / Pittsburgh,15275,1,1
Philadelphia / Pittsburgh,19001,3,2
Philadelphia / Pittsburgh,19002,3,2
Philadelphia / Pittsburgh,19003,9,5
Philadelphia / Pittsburgh,19004,18,15
Philadelphia / Pittsburgh,19006,9,5
Philadelphia / Pittsburgh,19007,2,1
Philadelphia / Pittsburgh,19010,34,16
Philadelphia / Pittsburgh,19013,1,1
Philadelphia / Pittsburgh,19014,1,1
Philadelphia / Pittsburgh,19020,11,9
Philadelphia / Pittsburgh,19023,1,1
Philadelphia / Pittsburgh,19025,1,1
Philadelphia / Pittsburgh,19026,5,2
Philadelphia / Pittsburgh,19034,17,6
Philadelphia / Pittsburgh,19035,2,1
Philadelphia / Pittsburgh,19038,2,1
Philadelphia / Pittsburgh,19040,4,2
Philadelphia / Pittsburgh,19041,4,3
Philadelphia / Pittsburgh,19046,12,8
Philadelphia / Pittsburgh,19047,12,9
Philadelphia / Pittsburgh,19053,2,2
Philadelphia / Pittsburgh,19063,31,12
Philadelphia / Pittsburgh,19066,1,1
Philadelphia / Pittsburgh,19067,25,8
Philadelphia / Pittsburgh,19072,2,2
Philadelphia / Pittsburgh,19073,15,9
Philadelphia / Pittsburgh,19078,4,3
Philadelphia / Pittsburgh,19082,3,2
Philadelphia / Pittsburgh,19083,6,2
Philadelphia / Pittsburgh,19085,4,1
Philadelphia / Pittsburgh,19087,12,8
Philadelphia / Pittsburgh,19090,2,2
Philadelphia / Pittsburgh,19096,11,6
Philadelphia / Pittsburgh,19102,22,8
Philadelphia / Pittsburgh,19103,5,4
Philadelphia / Pittsburgh,19104,131,25
Philadelphia / Pittsburgh,19106,8,6
Philadelphia / Pittsburgh,19107,59,24
Philadelphia / Pittsburgh,19111,16,4
Philadelphia / Pittsburgh,19112,3,1
Philadelphia / Pittsburgh,19114,2,2
Philadelphia / Pittsburgh,19115,6,5
Philadelphia / Pittsburgh,19116,3,2
Philadelphia / Pittsburgh,19118,2,1
Philadelphia / Pittsburgh,19123,2,2
Philadelphia / Pittsburgh,19125,2,1
Philadelphia / Pittsburgh,19126,1,1
Philadelphia / Pittsburgh,19128,5,3
Philadelphia / Pittsburgh,19131,4,2
Philadelphia / Pittsburgh,19134,9,3
Philadelphia / Pittsburgh,19139,1,1
Philadelphia / Pittsburgh,19140,26,7
Philadelphia / Pittsburgh,19141,2,2
Philadelphia / Pittsburgh,19145,4,3
Philadelphia / Pittsburgh,19148,3,2
Philadelphia / Pittsburgh,19152,5,4
Philadelphia / Pittsburgh,19301,11,6
Philadelphia / Pittsburgh,19317,2,1
Philadelphia / Pittsburgh,19333,2,1
Philadelphia / Pittsburgh,19335,1,1
Philadelphia / Pittsburgh,19341,14,6
Philadelphia / Pittsburgh,19342,7,5
Philadelphia / Pittsburgh,19348,1,1
Philadelphia / Pittsburgh,19355,4,4
Philadelphia / Pittsburgh,19380,4,4
Philadelphia / Pittsburgh,19382,2,2
Philadelphia / Pittsburgh,19390,1,1
Philadelphia / Pittsburgh,19401,3,2
Philadelphia / Pittsburgh,19403,1,1
Philadelphia / Pittsburgh,19406,12,8
Philadelphia / Pittsburgh,19422,3,2
Philadelphia / Pittsburgh,19428,1,1
Philadelphia / Pittsburgh,19444,1,1
Philadelphia / Pittsburgh,19446,5,5
Philadelphia / Pittsburgh,19454,5,3
Philadelphia / Pittsburgh,19460,5,4
Philadelphia / Pittsburgh,19462,8,4
Philadelphia / Pittsburgh,19464,5,4
Philadelphia / Pittsburgh,19468,8,4
Philadelphia / Pittsburgh,19477,1,1
DC / NoVA,20001,1,1
DC / NoVA,20002,2,1
DC / NoVA,20003,3,2
DC / NoVA,20005,5,3
DC / NoVA,20006,10,6
DC / NoVA,20007,14,5
DC / NoVA,20009,1,1
DC / NoVA,20010,28,8
DC / NoVA,20015,2,2
DC / NoVA,20016,27,15
DC / NoVA,20017,2,2
DC / NoVA,20018,1,1
DC / NoVA,20019,1,1
DC / NoVA,20032,2,2
DC / NoVA,20036,13,8
DC / NoVA,20037,44,24
DC / NoVA,20060,13,7
DC / NoVA,20105,4,2
DC / NoVA,20110,2,2
DC / NoVA,20117,1,1
DC / NoVA,20121,3,2
DC / NoVA,20147,10,5
DC / NoVA,20151,1,1
DC / NoVA,20152,3,3
DC / NoVA,20155,8,3
DC / NoVA,20164,1,1
DC / NoVA,20165,3,2
DC / NoVA,20166,7,5
DC / NoVA,20170,2,2
DC / NoVA,20171,1,1
DC / NoVA,20175,1,1
DC / NoVA,20176,25,15
DC / NoVA,20186,7,4
DC / NoVA,20190,21,13
DC / NoVA,20191,1,1
DC / NoVA,20307,6,3
DC / NoVA,20422,7,4
DC / NoVA,22003,7,6
DC / NoVA,22015,4,2
DC / NoVA,22025,1,1
DC / NoVA,22030,15,9
DC / NoVA,22031,39,20
DC / NoVA,22033,11,8
DC / NoVA,22042,6,3
DC / NoVA,22043,4,1
DC / NoVA,22044,2,2
DC / NoVA,22046,5,3
DC / NoVA,22060,5,2
DC / NoVA,22079,2,1
DC / NoVA,22101,26,15
DC / NoVA,22102,16,10
DC / NoVA,22150,1,1
DC / NoVA,22151,5,5
DC / NoVA,22152,3,2
DC / NoVA,22180,10,6
DC / NoVA,22182,29,17
DC / NoVA,22191,10,7
DC / NoVA,22192,3,1
DC / NoVA,22202,1,1
DC / NoVA,22203,7,4
DC / NoVA,22204,2,1
DC / NoVA,22205,9,7
DC / NoVA,22206,1,1
DC / NoVA,22209,5,4
DC / NoVA,22211,3,1
DC / NoVA,22302,1,1
DC / NoVA,22304,16,6
DC / NoVA,22306,5,3
DC / NoVA,22307,1,1
DC / NoVA,22310,3,2
DC / NoVA,22311,6,4
DC / NoVA,22312,1,1
DC / NoVA,22314,4,3
DC / NoVA,22315,2,2
Mississippi / Alabama,35007,4,3
Mississippi / Alabama,35010,4,2
Mississippi / Alabama,35022,1,1
Mississippi / Alabama,35055,4,3
Mississippi / Alabama,35058,4,2
Mississippi / Alabama,35128,1,1
Mississippi / Alabama,35150,1,1
Mississippi / Alabama,35203,5,2
Mississippi / Alabama,35205,16,8
Mississippi / Alabama,35209,16,11
Mississippi / Alabama,35211,2,2
Mississippi / Alabama,35213,13,7
Mississippi / Alabama,35216,8,4
Mississippi / Alabama,35223,11,5
Mississippi / Alabama,35226,3,2
Mississippi / Alabama,35233,29,12
Mississippi / Alabama,35235,12,6
Mississippi / Alabama,35242,33,14
Mississippi / Alabama,35243,14,8
Mississippi / Alabama,35244,14,8
Mississippi / Alabama,35249,4,1
Mississippi / Alabama,35294,2,2
Mississippi / Alabama,35404,2,2
Mississippi / Alabama,35406,6,4
Mississippi / Alabama,35473,11,2
Mississippi / Alabama,35501,6,4
Mississippi / Alabama,35601,9,7
Mississippi / Alabama,35603,1,1
Mississippi / Alabama,35611,1,1
Mississippi / Alabama,35630,5,1
Mississippi / Alabama,35650,1,1
Mississippi / Alabama,35660,1,1
Mississippi / Alabama,35661,2,1
Mississippi / Alabama,35758,10,6
Mississippi / Alabama,35801,19,14
Mississippi / Alabama,35802,5,3
Mississippi / Alabama,35901,2,2
Mississippi / Alabama,35903,2,1
Mississippi / Alabama,35968,2,2
Mississippi / Alabama,35976,3,2
Mississippi / Alabama,36106,8,5
Mississippi / Alabama,36116,1,1
Mississippi / Alabama,36117,10,5
Mississippi / Alabama,36203,4,2
Mississippi / Alabama,36265,1,1
Mississippi / Alabama,36301,10,7
Mississippi / Alabama,36303,5,4
Mississippi / Alabama,36305,5,2
Mississippi / Alabama,36330,2,2
Mississippi / Alabama,36426,2,2
Mississippi / Alabama,36526,6,5
Mississippi / Alabama,36532,13,7
Mississippi / Alabama,36535,5,4
Mississippi / Alabama,36542,2,1
Mississippi / Alabama,36555,1,1
Mississippi / Alabama,36604,1,1
Mississippi / Alabama,36606,6,3
Mississippi / Alabama,36607,2,2
Mississippi / Alabama,36608,21,14
Mississippi / Alabama,36609,6,3
Mississippi / Alabama,36617,1,1
Mississippi / Alabama,36695,8,3
Mississippi / Alabama,36701,1,1
Mississippi / Alabama,36801,2,2
Mississippi / Alabama,36830,9,8
Mississippi / Alabama,38654,1,1
Mississippi / Alabama,38655,5,5
Mississippi / Alabama,38671,3,2
Mississippi / Alabama,38701,4,3
Mississippi / Alabama,38703,1,1
Mississippi / Alabama,38801,13,9
Mississippi / Alabama,38804,2,2
Mississippi / Alabama,38834,3,3
Mississippi / Alabama,38901,5,3
Mississippi / Alabama,39042,2,1
Mississippi / Alabama,39051,1,1
Mississippi / Alabama,39056,3,1
Mississippi / Alabama,39110,7,6
Mississippi / Alabama,39120,1,1
Mississippi / Alabama,39157,15,10
Mississippi / Alabama,39180,1,1
Mississippi / Alabama,39183,1,1
Mississippi / Alabama,39202,4,4
Mississippi / Alabama,39204,1,1
Mississippi / Alabama,39216,44,12
Mississippi / Alabama,39232,16,10
Mississippi / Alabama,39301,12,6
Mississippi / Alabama,39305,7,3
Mississippi / Alabama,39339,1,1
Mississippi / Alabama,39367,2,2
Mississippi / Alabama,39401,8,3
Mississippi / Alabama,39402,12,5
Mississippi / Alabama,39440,6,3
Mississippi / Alabama,39465,7,3
Mississippi / Alabama,39466,2,2
Mississippi / Alabama,39501,9,5
Mississippi / Alabama,39503,3,3
Mississippi / Alabama,39520,1,1
Mississippi / Alabama,39531,2,2
Mississippi / Alabama,39532,6,3
Mississippi / Alabama,39534,2,2
Mississippi / Alabama,39553,2,2
Mississippi / Alabama,39564,9,5
Mississippi / Alabama,39648,3,1
Mississippi / Alabama,39652,1,1
Mississippi / Alabama,39705,6,5
Mississippi / Alabama,39759,1,1
Ohio (Columbus/Cleveland),43015,2,2
Ohio (Columbus/Cleveland),43016,14,12
Ohio (Columbus/Cleveland),43017,18,13
Ohio (Columbus/Cleveland),43023,4,3
Ohio (Columbus/Cleveland),43026,5,2
Ohio (Columbus/Cleveland),43040,5,3
Ohio (Columbus/Cleveland),43054,7,5
Ohio (Columbus/Cleveland),43055,8,7
Ohio (Columbus/Cleveland),43056,1,1
Ohio (Columbus/Cleveland),43062,2,2
Ohio (Columbus/Cleveland),43065,5,5
Ohio (Columbus/Cleveland),43074,3,2
Ohio (Columbus/Cleveland),43078,1,1
Ohio (Columbus/Cleveland),43081,14,6
Ohio (Columbus/Cleveland),43082,27,8
Ohio (Columbus/Cleveland),43085,1,1
Ohio (Columbus/Cleveland),43113,1,1
Ohio (Columbus/Cleveland),43123,5,5
Ohio (Columbus/Cleveland),43130,5,3
Ohio (Columbus/Cleveland),43147,2,2
Ohio (Columbus/Cleveland),43160,2,2
Ohio (Columbus/Cleveland),43201,2,2
Ohio (Columbus/Cleveland),43203,1,1
Ohio (Columbus/Cleveland),43205,8,2
Ohio (Columbus/Cleveland),43209,4,1
Ohio (Columbus/Cleveland),43210,5,4
Ohio (Columbus/Cleveland),43212,35,7
Ohio (Columbus/Cleveland),43213,12,6
Ohio (Columbus/Cleveland),43214,13,10
Ohio (Columbus/Cleveland),43215,11,9
Ohio (Columbus/Cleveland),43219,3,2
Ohio (Columbus/Cleveland),43220,21,12
Ohio (Columbus/Cleveland),43221,11,9
Ohio (Columbus/Cleveland),43222,1,1
Ohio (Columbus/Cleveland),43228,2,1
Ohio (Columbus/Cleveland),43230,25,13
Ohio (Columbus/Cleveland),43235,2,1
Ohio (Columbus/Cleveland),43240,1,1
Ohio (Columbus/Cleveland),43302,4,2
Ohio (Columbus/Cleveland),43311,1,1
Ohio (Columbus/Cleveland),44001,1,1
Ohio (Columbus/Cleveland),44004,3,3
Ohio (Columbus/Cleveland),44011,7,6
Ohio (Columbus/Cleveland),44012,1,1
Ohio (Columbus/Cleveland),44022,1,1
Ohio (Columbus/Cleveland),44023,2,2
Ohio (Columbus/Cleveland),44024,1,1
Ohio (Columbus/Cleveland),44035,5,4
Ohio (Columbus/Cleveland),44053,3,3
Ohio (Columbus/Cleveland),44060,9,7
Ohio (Columbus/Cleveland),44067,5,3
Ohio (Columbus/Cleveland),44072,1,1
Ohio (Columbus/Cleveland),44077,6,4
Ohio (Columbus/Cleveland),44087,4,2
Ohio (Columbus/Cleveland),44094,4,4
Ohio (Columbus/Cleveland),44106,43,8
Ohio (Columbus/Cleveland),44107,2,2
Ohio (Columbus/Cleveland),44109,25,1
Ohio (Columbus/Cleveland),44111,1,1
Ohio (Columbus/Cleveland),44112,1,1
Ohio (Columbus/Cleveland),44115,1,1
Ohio (Columbus/Cleveland),44116,1,1
Ohio (Columbus/Cleveland),44118,3,2
Ohio (Columbus/Cleveland),44121,4,2
Ohio (Columbus/Cleveland),44122,32,22
Ohio (Columbus/Cleveland),44124,32,18
Ohio (Columbus/Cleveland),44125,2,1
Ohio (Columbus/Cleveland),44126,3,2
Ohio (Columbus/Cleveland),44129,1,1
Ohio (Columbus/Cleveland),44130,3,3
Ohio (Columbus/Cleveland),44131,12,8
Ohio (Columbus/Cleveland),44132,1,1
Ohio (Columbus/Cleveland),44133,3,1
Ohio (Columbus/Cleveland),44134,3,2
Ohio (Columbus/Cleveland),44136,7,4
Ohio (Columbus/Cleveland),44137,1,1
Ohio (Columbus/Cleveland),44139,2,2
Ohio (Columbus/Cleveland),44141,6,5
Ohio (Columbus/Cleveland),44143,6,3
Ohio (Columbus/Cleveland),44145,32,18
Ohio (Columbus/Cleveland),44146,2,2
Ohio (Columbus/Cleveland),44147,4,3
Ohio (Columbus/Cleveland),44195,87,17
Dallas (DFW),75001,7,2
Dallas (DFW),75006,1,1
Dallas (DFW),75009,3,3
Dallas (DFW),75010,5,3
Dallas (DFW),75013,11,8
Dallas (DFW),75019,5,4
Dallas (DFW),75020,6,4
Dallas (DFW),75022,1,1
Dallas (DFW),75023,1,1
Dallas (DFW),75024,23,14
Dallas (DFW),75025,2,2
Dallas (DFW),75028,12,6
Dallas (DFW),75032,7,3
Dallas (DFW),75033,11,4
Dallas (DFW),75034,19,17
Dallas (DFW),75035,9,7
Dallas (DFW),75038,2,1
Dallas (DFW),75039,2,1
Dallas (DFW),75040,1,1
Dallas (DFW),75042,5,2
Dallas (DFW),75043,5,3
Dallas (DFW),75052,3,2
Dallas (DFW),75054,1,1
Dallas (DFW),75056,3,2
Dallas (DFW),75057,13,7
Dallas (DFW),75061,6,4
Dallas (DFW),75063,3,3
Dallas (DFW),75068,1,1
Dallas (DFW),75069,3,1
Dallas (DFW),75070,10,8
Dallas (DFW),75071,14,7
Dallas (DFW),75075,4,3
Dallas (DFW),75078,9,6
Dallas (DFW),75080,9,7
Dallas (DFW),75081,3,2
Dallas (DFW),75082,7,4
Dallas (DFW),75087,2,2
Dallas (DFW),75088,2,1
Dallas (DFW),75090,6,3
Dallas (DFW),75092,4,2
Dallas (DFW),75093,62,29
Dallas (DFW),75094,1,1
Dallas (DFW),75104,5,4
Dallas (DFW),75110,7,6
Dallas (DFW),75115,1,1
Dallas (DFW),75116,2,1
Dallas (DFW),75126,1,1
Dallas (DFW),75146,2,1
Dallas (DFW),75150,7,4
Dallas (DFW),75165,3,2
Dallas (DFW),75182,1,1
Dallas (DFW),75203,3,2
Dallas (DFW),75204,7,4
Dallas (DFW),75205,6,5
Dallas (DFW),75206,1,1
Dallas (DFW),75207,1,1
Dallas (DFW),75208,5,4
Dallas (DFW),75209,3,2
Dallas (DFW),75214,3,2
Dallas (DFW),75218,5,4
Dallas (DFW),75219,8,7
Dallas (DFW),75225,16,11
Dallas (DFW),75230,47,21
Dallas (DFW),75231,72,35
Dallas (DFW),75233,2,2
Dallas (DFW),75234,5,4
Dallas (DFW),75235,20,14
Dallas (DFW),75240,4,3
Dallas (DFW),75243,6,6
Dallas (DFW),75246,31,12
Dallas (DFW),75247,6,4
Dallas (DFW),75248,2,1
Dallas (DFW),75251,11,8
Dallas (DFW),75252,1,1
Dallas (DFW),75287,3,2
Dallas (DFW),75382,1,1
Dallas (DFW),75390,49,15
Dallas (DFW),75401,2,2
Dallas (DFW),75402,2,1
Dallas (DFW),75418,1,1
Dallas (DFW),75455,3,2
Dallas (DFW),75460,2,2
Dallas (DFW),75462,1,1
Dallas (DFW),75474,2,1
Dallas (DFW),75482,1,1
Dallas (DFW),75494,2,1
Dallas (DFW),75495,1,1
Dallas (DFW),76001,2,1
Dallas (DFW),76005,2,1
Dallas (DFW),76006,1,1
Dallas (DFW),76010,1,1
Dallas (DFW),76011,3,2
Dallas (DFW),76012,17,10
Dallas (DFW),76013,3,2
Dallas (DFW),76014,7,4
Dallas (DFW),76015,6,5
Dallas (DFW),76016,1,1
Dallas (DFW),76017,3,3
Dallas (DFW),76021,1,1
Dallas (DFW),76022,8,4
Dallas (DFW),76026,1,1
Dallas (DFW),76028,6,4
Dallas (DFW),76033,1,1
Dallas (DFW),76034,7,6
Dallas (DFW),76036,1,1
Dallas (DFW),76040,5,4
Dallas (DFW),76048,3,2
Dallas (DFW),76051,12,8
Dallas (DFW),76053,1,1
Dallas (DFW),76054,3,1
Dallas (DFW),76063,6,4
Dallas (DFW),76065,1,1
Dallas (DFW),76073,1,1
Dallas (DFW),76078,1,1
Dallas (DFW),76086,3,3
Dallas (DFW),76092,28,21
Dallas (DFW),76104,56,29
Dallas (DFW),76107,12,9
Dallas (DFW),76109,12,9
Dallas (DFW),76110,1,1
Dallas (DFW),76112,1,1
Dallas (DFW),76126,2,1
Dallas (DFW),76131,2,1
Dallas (DFW),76132,19,10
Dallas (DFW),76133,1,1
Dallas (DFW),76135,1,1
Dallas (DFW),76137,2,2
Dallas (DFW),76140,1,1
Dallas (DFW),76180,2,2
Dallas (DFW),76182,6,4
Dallas (DFW),76201,12,7
Dallas (DFW),76205,1,1
Dallas (DFW),76210,12,6
Dallas (DFW),76240,2,2
Dallas (DFW),76244,8,3
Houston / South Texas,77002,6,3
Houston / South Texas,77004,23,15
Houston / South Texas,77005,10,8
Houston / South Texas,77006,5,4
Houston / South Texas,77007,9,4
Houston / South Texas,77008,19,9
Houston / South Texas,77009,2,2
Houston / South Texas,77010,1,1
Houston / South Texas,77014,1,1
Houston / South Texas,77015,1,1
Houston / South Texas,77016,1,1
Houston / South Texas,77019,4,3
Houston / South Texas,77024,51,28
Houston / South Texas,77025,12,4
Houston / South Texas,77026,1,1
Houston / South Texas,77027,20,15
Houston / South Texas,77029,1,1
Houston / South Texas,77030,189,71
Houston / South Texas,77034,1,1
Houston / South Texas,77036,2,2
Houston / South Texas,77038,1,1
Houston / South Texas,77043,1,1
Houston / South Texas,77046,3,3
Houston / South Texas,77054,10,9
Houston / South Texas,77055,13,7
Houston / South Texas,77056,16,10
Houston / South Texas,77057,7,3
Houston / South Texas,77058,10,6
Houston / South Texas,77062,2,2
Houston / South Texas,77063,10,6
Houston / South Texas,77064,3,1
Houston / South Texas,77065,13,11
Houston / South Texas,77066,1,1
Houston / South Texas,77070,13,8
Houston / South Texas,77074,15,5
Houston / South Texas,77079,6,5
Houston / South Texas,77081,1,1
Houston / South Texas,77082,5,4
Houston / South Texas,77083,1,1
Houston / South Texas,77084,8,2
Houston / South Texas,77089,2,2
Houston / South Texas,77090,11,7
Houston / South Texas,77092,3,1
Houston / South Texas,77094,5,2
Houston / South Texas,77095,1,1
Houston / South Texas,77096,2,1
Houston / South Texas,77098,22,18
Houston / South Texas,77304,11,6
Houston / South Texas,77338,5,3
Houston / South Texas,77339,12,9
Houston / South Texas,77340,2,1
Houston / South Texas,77345,1,1
Houston / South Texas,77346,1,1
Houston / South Texas,77365,1,1
Houston / South Texas,77375,4,2
Houston / South Texas,77377,1,1
Houston / South Texas,77379,7,5
Houston / South Texas,77380,35,19
Houston / South Texas,77381,4,3
Houston / South Texas,77382,1,1
Houston / South Texas,77384,13,7
Houston / South Texas,77385,1,1
Houston / South Texas,77386,5,4
Houston / South Texas,77388,3,2
Houston / South Texas,77389,1,1
Houston / South Texas,77396,1,1
Houston / South Texas,77401,39,17
Houston / South Texas,77406,3,2
Houston / South Texas,77407,2,2
Houston / South Texas,77429,2,2
Houston / South Texas,77433,12,9
Houston / South Texas,77437,4,4
Houston / South Texas,77441,5,1
Houston / South Texas,77449,6,3
Houston / South Texas,77450,14,8
Houston / South Texas,77459,5,3
Houston / South Texas,77477,1,1
Houston / South Texas,77478,31,18
Houston / South Texas,77479,31,18
Houston / South Texas,77493,1,1
Houston / South Texas,77494,14,5
Houston / South Texas,77498,1,1
Houston / South Texas,77503,1,1
Houston / South Texas,77504,14,2
Houston / South Texas,77505,3,3
Houston / South Texas,77521,5,4
Houston / South Texas,77546,5,3
Houston / South Texas,77550,3,3
Houston / South Texas,77555,29,10
Houston / South Texas,77566,3,3
Houston / South Texas,77573,10,8
Houston / South Texas,77581,2,2
Houston / South Texas,77584,17,12
Houston / South Texas,77591,1,1
Houston / South Texas,77598,27,19
Houston / South Texas,77627,3,3
Houston / South Texas,77630,1,1
Houston / South Texas,77642,4,2
Houston / South Texas,77701,11,7
Houston / South Texas,77702,7,6
Houston / South Texas,77705,1,1
Houston / South Texas,77706,3,2
Houston / South Texas,77802,3,3
Houston / South Texas,77833,5,4
Houston / South Texas,77840,6,3
Houston / South Texas,77845,16,7
Houston / South Texas,77901,6,5
Houston / South Texas,77904,4,3
Houston / South Texas,78006,16,12
Houston / South Texas,78013,2,1
Houston / South Texas,78028,5,3
Houston / South Texas,78041,5,5
Houston / South Texas,78045,3,2
Houston / South Texas,78070,1,1
Houston / South Texas,78121,1,1
Houston / South Texas,78130,11,7
Houston / South Texas,78132,4,3
Houston / South Texas,78148,1,1
Houston / South Texas,78163,1,1
Houston / South Texas,78201,1,1
Houston / South Texas,78205,4,3
Houston / South Texas,78207,5,3
Houston / South Texas,78209,28,17
Houston / South Texas,78212,11,7
Houston / South Texas,78213,7,4
Houston / South Texas,78215,14,6
Houston / South Texas,78216,5,3
Houston / South Texas,78217,8,6
Houston / South Texas,78218,6,1
Houston / South Texas,78224,3,2
Houston / South Texas,78228,1,1
Houston / South Texas,78229,55,29
Houston / South Texas,78230,2,2
Houston / South Texas,78231,6,4
Houston / South Texas,78232,5,2
Houston / South Texas,78233,9,4
Houston / South Texas,78234,11,4
Houston / South Texas,78235,1,1
Houston / South Texas,78236,21,4
Houston / South Texas,78240,9,6
Houston / South Texas,78247,1,1
Houston / South Texas,78249,10,6
Houston / South Texas,78251,5,3
Houston / South Texas,78253,2,2
Houston / South Texas,78254,2,2
Houston / South Texas,78255,1,1
Houston / South Texas,78256,3,3
Houston / South Texas,78257,6,6
Houston / South Texas,78258,32,18
Houston / South Texas,78260,2,2
Houston / South Texas,78404,5,3
Houston / South Texas,78410,1,1
Houston / South Texas,78411,9,5
Houston / South Texas,78413,3,2
Houston / South Texas,78414,5,3
Houston / South Texas,78418,2,1
Houston / South Texas,78501,5,4
Houston / South Texas,78503,7,3
Houston / South Texas,78504,18,8
Houston / South Texas,78520,3,2
Houston / South Texas,78521,1,1
Houston / South Texas,78526,1,1
Houston / South Texas,78539,15,12
Houston / South Texas,78550,7,7
Houston / South Texas,78572,2,2
Houston / South Texas,78582,1,1
Nevada + Utah,84003,14,11
Nevada + Utah,84004,2,1
Nevada + Utah,84009,2,1
Nevada + Utah,84010,20,13
Nevada + Utah,84014,2,1
Nevada + Utah,84020,16,9
Nevada + Utah,84025,2,2
Nevada + Utah,84032,1,1
Nevada + Utah,84037,2,2
Nevada + Utah,84041,12,4
Nevada + Utah,84042,3,3
Nevada + Utah,84043,12,8
Nevada + Utah,84045,4,3
Nevada + Utah,84047,4,2
Nevada + Utah,84048,3,1
Nevada + Utah,84057,3,2
Nevada + Utah,84062,1,1
Nevada + Utah,84065,3,2
Nevada + Utah,84066,3,2
Nevada + Utah,84070,3,2
Nevada + Utah,84074,1,1
Nevada + Utah,84088,5,4
Nevada + Utah,84093,2,2
Nevada + Utah,84094,9,4
Nevada + Utah,84095,7,4
Nevada + Utah,84096,2,1
Nevada + Utah,84097,4,2
Nevada + Utah,84098,6,3
Nevada + Utah,84101,2,2
Nevada + Utah,84102,10,7
Nevada + Utah,84103,5,4
Nevada + Utah,84105,4,1
Nevada + Utah,84106,1,1
Nevada + Utah,84107,35,16
Nevada + Utah,84111,6,5
Nevada + Utah,84112,19,10
Nevada + Utah,84113,5,4
Nevada + Utah,84117,11,7
Nevada + Utah,84119,1,1
Nevada + Utah,84120,3,3
Nevada + Utah,84121,10,9
Nevada + Utah,84123,7,4
Nevada + Utah,84124,11,9
Nevada + Utah,84128,1,1
Nevada + Utah,84129,2,2
Nevada + Utah,84132,80,18
Nevada + Utah,84332,5,3
Nevada + Utah,84341,15,9
Nevada + Utah,84403,12,5
Nevada + Utah,84404,1,1
Nevada + Utah,84405,10,7
Nevada + Utah,84501,1,1
Nevada + Utah,84604,18,14
Nevada + Utah,84606,1,1
Nevada + Utah,84653,1,1
Nevada + Utah,84660,8,4
Nevada + Utah,84663,3,3
Nevada + Utah,84664,2,1
Nevada + Utah,84701,3,2
Nevada + Utah,84721,3,2
Nevada + Utah,84738,2,2
Nevada + Utah,84770,11,5
Nevada + Utah,84790,20,13
Nevada + Utah,89012,2,2
Nevada + Utah,89014,3,2
Nevada + Utah,89015,1,1
Nevada + Utah,89027,3,3
Nevada + Utah,89029,1,1
Nevada + Utah,89044,1,1
Nevada + Utah,89048,3,3
Nevada + Utah,89052,23,15
Nevada + Utah,89074,5,4
Nevada + Utah,89084,1,1
Nevada + Utah,89086,3,2
Nevada + Utah,89102,10,7
Nevada + Utah,89103,1,1
Nevada + Utah,89106,6,4
Nevada + Utah,89107,1,1
Nevada + Utah,89109,2,2
Nevada + Utah,89113,8,8
Nevada + Utah,89117,16,10
Nevada + Utah,89118,8,5
Nevada + Utah,89119,7,7
Nevada + Utah,89120,1,1
Nevada + Utah,89121,12,3
Nevada + Utah,89128,14,9
Nevada + Utah,89130,1,1
Nevada + Utah,89135,1,1
Nevada + Utah,89144,15,7
Nevada + Utah,89145,5,4
Nevada + Utah,89146,2,2
Nevada + Utah,89147,7,5
Nevada + Utah,89148,18,15
Nevada + Utah,89149,8,5
Nevada + Utah,89166,1,1
Nevada + Utah,89169,1,1
Nevada + Utah,89191,6,1
Nevada + Utah,89406,1,1
Nevada + Utah,89408,2,2
Nevada + Utah,89423,7,2
Nevada + Utah,89434,1,1
Nevada + Utah,89436,4,2
Nevada + Utah,89449,6,5
Nevada + Utah,89502,1,1
Nevada + Utah,89503,4,2
Nevada + Utah,89506,1,1
Nevada + Utah,89509,23,7
Nevada + Utah,89511,13,9
Nevada + Utah,89519,7,5
Nevada + Utah,89521,14,7
Nevada + Utah,89523,3,2
Nevada + Utah,89701,5,2
Nevada + Utah,89703,6,5
